image_path,class_id,days_left,Category
Class A\Class A_01.png,0,6,Green
Class A\Class A_02.png,0,6,Green
Class A\Class A_03.png,0,6,Green
Class A\Class A_04.png,0,6,Green
Class A\Class A_05.png,0,6,Green
Class A\Class A_06.png,0,6,Green
Class A\Class A_07.png,0,6,Green
Class A\Class A_08.png,0,6,Green
Class A\Class A_09.png,0,6,Green
Class A\Class A_10.png,0,6,Green
Class A\Class A_100.png,0,6,Green
Class A\Class A_101.png,0,6,Green
Class A\Class A_102.png,0,6,Green
Class A\Class A_103.png,0,6,Green
Class A\Class A_104.png,0,6,Green
Class A\Class A_105.png,0,6,Green
Class A\Class A_106.png,0,6,Green
Class A\Class A_107.png,0,6,Green
Class A\Class A_108.png,0,6,Green
Class A\Class A_109.png,0,6,Green
Class A\Class A_11.png,0,6,Green
Class A\Class A_110.png,0,6,Green
Class A\Class A_111.png,0,6,Green
Class A\Class A_112.png,0,6,Green
Class A\Class A_113.png,0,6,Green
Class A\Class A_114.png,0,6,Green
Class A\Class A_115.png,0,6,Green
Class A\Class A_116.png,0,6,Green
Class A\Class A_117.png,0,6,Green
Class A\Class A_118.png,0,6,Green
Class A\Class A_119.png,0,6,Green
Class A\Class A_12.png,0,6,Green
Class A\Class A_120.png,0,6,Green
Class A\Class A_121.png,0,6,Green
Class A\Class A_122.png,0,6,Green
Class A\Class A_123.png,0,6,Green
Class A\Class A_124.png,0,6,Green
Class A\Class A_125.png,0,6,Green
Class A\Class A_126.png,0,6,Green
Class A\Class A_127.png,0,6,Green
Class A\Class A_128.png,0,6,Green
Class A\Class A_129.png,0,6,Green
Class A\Class A_13.png,0,6,Green
Class A\Class A_130.png,0,6,Green
Class A\Class A_131.png,0,6,Green
Class A\Class A_132.png,0,6,Green
Class A\Class A_133.png,0,6,Green
Class A\Class A_134.png,0,6,Green
Class A\Class A_135.png,0,6,Green
Class A\Class A_136.png,0,6,Green
Class A\Class A_137.png,0,6,Green
Class A\Class A_138.png,0,6,Green
Class A\Class A_139.png,0,6,Green
Class A\Class A_14.png,0,6,Green
Class A\Class A_140.png,0,6,Green
Class A\Class A_141.png,0,6,Green
Class A\Class A_142.png,0,6,Green
Class A\Class A_143.png,0,6,Green
Class A\Class A_144.png,0,6,Green
Class A\Class A_145.png,0,6,Green
Class A\Class A_146.png,0,6,Green
Class A\Class A_147.png,0,6,Green
Class A\Class A_148.png,0,6,Green
Class A\Class A_149.png,0,6,Green
Class A\Class A_15.png,0,6,Green
Class A\Class A_150.png,0,6,Green
Class A\Class A_151.png,0,6,Green
Class A\Class A_152.png,0,6,Green
Class A\Class A_153.png,0,6,Green
Class A\Class A_154.png,0,6,Green
Class A\Class A_155.png,0,6,Green
Class A\Class A_156.png,0,6,Green
Class A\Class A_157.png,0,6,Green
Class A\Class A_158.png,0,6,Green
Class A\Class A_159.png,0,6,Green
Class A\Class A_16.png,0,6,Green
Class A\Class A_160.png,0,6,Green
Class A\Class A_161.png,0,6,Green
Class A\Class A_162.png,0,6,Green
Class A\Class A_163.png,0,6,Green
Class A\Class A_164.png,0,6,Green
Class A\Class A_165.png,0,6,Green
Class A\Class A_166.png,0,6,Green
Class A\Class A_167.png,0,6,Green
Class A\Class A_168.png,0,6,Green
Class A\Class A_169.png,0,6,Green
Class A\Class A_17.png,0,6,Green
Class A\Class A_170.png,0,6,Green
Class A\Class A_171.png,0,6,Green
Class A\Class A_172.png,0,6,Green
Class A\Class A_173.png,0,6,Green
Class A\Class A_174.png,0,6,Green
Class A\Class A_175.png,0,6,Green
Class A\Class A_176.png,0,6,Green
Class A\Class A_177.png,0,6,Green
Class A\Class A_178.png,0,6,Green
Class A\Class A_179.png,0,6,Green
Class A\Class A_18.png,0,6,Green
Class A\Class A_180.png,0,6,Green
Class A\Class A_181.png,0,6,Green
Class A\Class A_182.png,0,6,Green
Class A\Class A_183.png,0,6,Green
Class A\Class A_184.png,0,6,Green
Class A\Class A_185.png,0,6,Green
Class A\Class A_186.png,0,6,Green
Class A\Class A_187.png,0,6,Green
Class A\Class A_188.png,0,6,Green
Class A\Class A_189.png,0,6,Green
Class A\Class A_19.png,0,6,Green
Class A\Class A_190.png,0,6,Green
Class A\Class A_191.png,0,6,Green
Class A\Class A_192.png,0,6,Green
Class A\Class A_193.png,0,6,Green
Class A\Class A_194.png,0,6,Green
Class A\Class A_195.png,0,6,Green
Class A\Class A_196.png,0,6,Green
Class A\Class A_197.png,0,6,Green
Class A\Class A_198.png,0,6,Green
Class A\Class A_199.png,0,6,Green
Class A\Class A_20.png,0,6,Green
Class A\Class A_200.png,0,6,Green
Class A\Class A_201.png,0,6,Green
Class A\Class A_202.png,0,6,Green
Class A\Class A_203.png,0,6,Green
Class A\Class A_204.png,0,6,Green
Class A\Class A_205.png,0,6,Green
Class A\Class A_206.png,0,6,Green
Class A\Class A_207.png,0,6,Green
Class A\Class A_208.png,0,6,Green
Class A\Class A_209.png,0,6,Green
Class A\Class A_21.png,0,6,Green
Class A\Class A_210.png,0,6,Green
Class A\Class A_211.png,0,6,Green
Class A\Class A_212.png,0,6,Green
Class A\Class A_213.png,0,6,Green
Class A\Class A_214.png,0,6,Green
Class A\Class A_215.png,0,6,Green
Class A\Class A_216.png,0,6,Green
Class A\Class A_217.png,0,6,Green
Class A\Class A_218.png,0,6,Green
Class A\Class A_219.png,0,6,Green
Class A\Class A_22.png,0,6,Green
Class A\Class A_220.png,0,6,Green
Class A\Class A_221.png,0,6,Green
Class A\Class A_222.png,0,6,Green
Class A\Class A_223.png,0,6,Green
Class A\Class A_224.png,0,6,Green
Class A\Class A_225.png,0,6,Green
Class A\Class A_226.png,0,6,Green
Class A\Class A_227.png,0,6,Green
Class A\Class A_228.png,0,6,Green
Class A\Class A_229.png,0,6,Green
Class A\Class A_23.png,0,6,Green
Class A\Class A_230.png,0,6,Green
Class A\Class A_231.png,0,6,Green
Class A\Class A_232.png,0,6,Green
Class A\Class A_233.png,0,6,Green
Class A\Class A_234.png,0,6,Green
Class A\Class A_235.png,0,6,Green
Class A\Class A_236.png,0,6,Green
Class A\Class A_237.png,0,6,Green
Class A\Class A_238.png,0,6,Green
Class A\Class A_239.png,0,6,Green
Class A\Class A_24.png,0,6,Green
Class A\Class A_240.png,0,6,Green
Class A\Class A_241.png,0,6,Green
Class A\Class A_242.png,0,6,Green
Class A\Class A_243.png,0,6,Green
Class A\Class A_244.png,0,6,Green
Class A\Class A_245.png,0,6,Green
Class A\Class A_246.png,0,6,Green
Class A\Class A_247.png,0,6,Green
Class A\Class A_248.png,0,6,Green
Class A\Class A_249.png,0,6,Green
Class A\Class A_25.png,0,6,Green
Class A\Class A_250.png,0,6,Green
Class A\Class A_251.png,0,6,Green
Class A\Class A_252.png,0,6,Green
Class A\Class A_253.png,0,6,Green
Class A\Class A_254.png,0,6,Green
Class A\Class A_255.png,0,6,Green
Class A\Class A_256.png,0,6,Green
Class A\Class A_257.png,0,6,Green
Class A\Class A_258.png,0,6,Green
Class A\Class A_259.png,0,6,Green
Class A\Class A_26.png,0,6,Green
Class A\Class A_260.png,0,6,Green
Class A\Class A_261.png,0,6,Green
Class A\Class A_262.png,0,6,Green
Class A\Class A_263.png,0,6,Green
Class A\Class A_264.png,0,6,Green
Class A\Class A_265.png,0,6,Green
Class A\Class A_266.png,0,6,Green
Class A\Class A_267.png,0,6,Green
Class A\Class A_268.png,0,6,Green
Class A\Class A_269.png,0,6,Green
Class A\Class A_27.png,0,6,Green
Class A\Class A_270.png,0,6,Green
Class A\Class A_271.png,0,6,Green
Class A\Class A_272.png,0,6,Green
Class A\Class A_273.png,0,6,Green
Class A\Class A_274.png,0,6,Green
Class A\Class A_275.png,0,6,Green
Class A\Class A_276.png,0,6,Green
Class A\Class A_277.png,0,6,Green
Class A\Class A_278.png,0,6,Green
Class A\Class A_279.png,0,6,Green
Class A\Class A_28.png,0,6,Green
Class A\Class A_280.png,0,6,Green
Class A\Class A_281.png,0,6,Green
Class A\Class A_282.png,0,6,Green
Class A\Class A_283.png,0,6,Green
Class A\Class A_284.png,0,6,Green
Class A\Class A_285.png,0,6,Green
Class A\Class A_286.png,0,6,Green
Class A\Class A_287.png,0,6,Green
Class A\Class A_288.png,0,6,Green
Class A\Class A_289.png,0,6,Green
Class A\Class A_29.png,0,6,Green
Class A\Class A_290.png,0,6,Green
Class A\Class A_291.png,0,6,Green
Class A\Class A_292.png,0,6,Green
Class A\Class A_293.png,0,6,Green
Class A\Class A_294.png,0,6,Green
Class A\Class A_295.png,0,6,Green
Class A\Class A_296.png,0,6,Green
Class A\Class A_297.png,0,6,Green
Class A\Class A_298.png,0,6,Green
Class A\Class A_299.png,0,6,Green
Class A\Class A_30.png,0,6,Green
Class A\Class A_300.png,0,6,Green
Class A\Class A_301.png,0,6,Green
Class A\Class A_302.png,0,6,Green
Class A\Class A_303.png,0,6,Green
Class A\Class A_304.png,0,6,Green
Class A\Class A_305.png,0,6,Green
Class A\Class A_306.png,0,6,Green
Class A\Class A_307.png,0,6,Green
Class A\Class A_308.png,0,6,Green
Class A\Class A_309.png,0,6,Green
Class A\Class A_31.png,0,6,Green
Class A\Class A_310.png,0,6,Green
Class A\Class A_311.png,0,6,Green
Class A\Class A_312.png,0,6,Green
Class A\Class A_313.png,0,6,Green
Class A\Class A_314.png,0,6,Green
Class A\Class A_315.png,0,6,Green
Class A\Class A_316.png,0,6,Green
Class A\Class A_317.png,0,6,Green
Class A\Class A_318.png,0,6,Green
Class A\Class A_319.png,0,6,Green
Class A\Class A_32.png,0,6,Green
Class A\Class A_320.png,0,6,Green
Class A\Class A_321.png,0,6,Green
Class A\Class A_322.png,0,6,Green
Class A\Class A_323.png,0,6,Green
Class A\Class A_324.png,0,6,Green
Class A\Class A_325.png,0,6,Green
Class A\Class A_326.png,0,6,Green
Class A\Class A_327.png,0,6,Green
Class A\Class A_328.png,0,6,Green
Class A\Class A_329.png,0,6,Green
Class A\Class A_33.png,0,6,Green
Class A\Class A_330.png,0,6,Green
Class A\Class A_331.png,0,6,Green
Class A\Class A_332.png,0,6,Green
Class A\Class A_333.png,0,6,Green
Class A\Class A_334.png,0,6,Green
Class A\Class A_335.png,0,6,Green
Class A\Class A_336.png,0,6,Green
Class A\Class A_337.png,0,6,Green
Class A\Class A_338.png,0,6,Green
Class A\Class A_339.png,0,6,Green
Class A\Class A_34.png,0,6,Green
Class A\Class A_340.png,0,6,Green
Class A\Class A_341.png,0,6,Green
Class A\Class A_342.png,0,6,Green
Class A\Class A_343.png,0,6,Green
Class A\Class A_344.png,0,6,Green
Class A\Class A_345.png,0,6,Green
Class A\Class A_346.png,0,6,Green
Class A\Class A_347.png,0,6,Green
Class A\Class A_348.png,0,6,Green
Class A\Class A_349.png,0,6,Green
Class A\Class A_35.png,0,6,Green
Class A\Class A_350.png,0,6,Green
Class A\Class A_351.png,0,6,Green
Class A\Class A_352.png,0,6,Green
Class A\Class A_353.png,0,6,Green
Class A\Class A_354.png,0,6,Green
Class A\Class A_355.png,0,6,Green
Class A\Class A_356.png,0,6,Green
Class A\Class A_357.png,0,6,Green
Class A\Class A_358.png,0,6,Green
Class A\Class A_359.png,0,6,Green
Class A\Class A_36.png,0,6,Green
Class A\Class A_360.png,0,6,Green
Class A\Class A_361.png,0,6,Green
Class A\Class A_362.png,0,6,Green
Class A\Class A_363.png,0,6,Green
Class A\Class A_364.png,0,6,Green
Class A\Class A_365.png,0,6,Green
Class A\Class A_366.png,0,6,Green
Class A\Class A_367.png,0,6,Green
Class A\Class A_368.png,0,6,Green
Class A\Class A_369.png,0,6,Green
Class A\Class A_37.png,0,6,Green
Class A\Class A_370.png,0,6,Green
Class A\Class A_371.png,0,6,Green
Class A\Class A_372.png,0,6,Green
Class A\Class A_373.png,0,6,Green
Class A\Class A_374.png,0,6,Green
Class A\Class A_375.png,0,6,Green
Class A\Class A_376.png,0,6,Green
Class A\Class A_377.png,0,6,Green
Class A\Class A_378.png,0,6,Green
Class A\Class A_379.png,0,6,Green
Class A\Class A_38.png,0,6,Green
Class A\Class A_380.png,0,6,Green
Class A\Class A_381.png,0,6,Green
Class A\Class A_382.png,0,6,Green
Class A\Class A_383.png,0,6,Green
Class A\Class A_384.png,0,6,Green
Class A\Class A_385.png,0,6,Green
Class A\Class A_386.png,0,6,Green
Class A\Class A_387.png,0,6,Green
Class A\Class A_388.png,0,6,Green
Class A\Class A_389.png,0,6,Green
Class A\Class A_39.png,0,6,Green
Class A\Class A_390.png,0,6,Green
Class A\Class A_391.png,0,6,Green
Class A\Class A_392.png,0,6,Green
Class A\Class A_393.png,0,6,Green
Class A\Class A_394.png,0,6,Green
Class A\Class A_395.png,0,6,Green
Class A\Class A_396.png,0,6,Green
Class A\Class A_397.png,0,6,Green
Class A\Class A_398.png,0,6,Green
Class A\Class A_399.png,0,6,Green
Class A\Class A_40.png,0,6,Green
Class A\Class A_400.png,0,6,Green
Class A\Class A_401.png,0,6,Green
Class A\Class A_402.png,0,6,Green
Class A\Class A_403.png,0,6,Green
Class A\Class A_404.png,0,6,Green
Class A\Class A_405.png,0,6,Green
Class A\Class A_406.png,0,6,Green
Class A\Class A_407.png,0,6,Green
Class A\Class A_408.png,0,6,Green
Class A\Class A_409.png,0,6,Green
Class A\Class A_41.png,0,6,Green
Class A\Class A_410.png,0,6,Green
Class A\Class A_411.png,0,6,Green
Class A\Class A_412.png,0,6,Green
Class A\Class A_413.png,0,6,Green
Class A\Class A_414.png,0,6,Green
Class A\Class A_415.png,0,6,Green
Class A\Class A_416.png,0,6,Green
Class A\Class A_417.png,0,6,Green
Class A\Class A_418.png,0,6,Green
Class A\Class A_419.png,0,6,Green
Class A\Class A_42.png,0,6,Green
Class A\Class A_420.png,0,6,Green
Class A\Class A_421.png,0,6,Green
Class A\Class A_422.png,0,6,Green
Class A\Class A_423.png,0,6,Green
Class A\Class A_424.png,0,6,Green
Class A\Class A_425.png,0,6,Green
Class A\Class A_426.png,0,6,Green
Class A\Class A_427.png,0,6,Green
Class A\Class A_43.png,0,6,Green
Class A\Class A_44.png,0,6,Green
Class A\Class A_45.png,0,6,Green
Class A\Class A_46.png,0,6,Green
Class A\Class A_47.png,0,6,Green
Class A\Class A_48.png,0,6,Green
Class A\Class A_49.png,0,6,Green
Class A\Class A_50.png,0,6,Green
Class A\Class A_51.png,0,6,Green
Class A\Class A_52.png,0,6,Green
Class A\Class A_53.png,0,6,Green
Class A\Class A_54.png,0,6,Green
Class A\Class A_55.png,0,6,Green
Class A\Class A_56.png,0,6,Green
Class A\Class A_57.png,0,6,Green
Class A\Class A_58.png,0,6,Green
Class A\Class A_59.png,0,6,Green
Class A\Class A_60.png,0,6,Green
Class A\Class A_61.png,0,6,Green
Class A\Class A_62.png,0,6,Green
Class A\Class A_63.png,0,6,Green
Class A\Class A_64.png,0,6,Green
Class A\Class A_65.png,0,6,Green
Class A\Class A_66.png,0,6,Green
Class A\Class A_67.png,0,6,Green
Class A\Class A_68.png,0,6,Green
Class A\Class A_69.png,0,6,Green
Class A\Class A_70.png,0,6,Green
Class A\Class A_71.png,0,6,Green
Class A\Class A_72.png,0,6,Green
Class A\Class A_73.png,0,6,Green
Class A\Class A_74.png,0,6,Green
Class A\Class A_75.png,0,6,Green
Class A\Class A_76.png,0,6,Green
Class A\Class A_77.png,0,6,Green
Class A\Class A_78.png,0,6,Green
Class A\Class A_79.png,0,6,Green
Class A\Class A_80.png,0,6,Green
Class A\Class A_81.png,0,6,Green
Class A\Class A_82.png,0,6,Green
Class A\Class A_83.png,0,6,Green
Class A\Class A_84.png,0,6,Green
Class A\Class A_85.png,0,6,Green
Class A\Class A_86.png,0,6,Green
Class A\Class A_87.png,0,6,Green
Class A\Class A_88.png,0,6,Green
Class A\Class A_89.png,0,6,Green
Class A\Class A_90.png,0,6,Green
Class A\Class A_91.png,0,6,Green
Class A\Class A_92.png,0,6,Green
Class A\Class A_93.png,0,6,Green
Class A\Class A_94.png,0,6,Green
Class A\Class A_95.png,0,6,Green
Class A\Class A_96.png,0,6,Green
Class A\Class A_97.png,0,6,Green
Class A\Class A_98.png,0,6,Green
Class A\Class A_99.png,0,6,Green
Class B\Class B_01.png,1,3,Yellow
Class B\Class B_02.png,1,3,Yellow
Class B\Class B_03.png,1,3,Yellow
Class B\Class B_04.png,1,3,Yellow
Class B\Class B_05.png,1,3,Yellow
Class B\Class B_06.png,1,3,Yellow
Class B\Class B_07.png,1,3,Yellow
Class B\Class B_08.png,1,3,Yellow
Class B\Class B_09.png,1,3,Yellow
Class B\Class B_10.png,1,3,Yellow
Class B\Class B_100.png,1,3,Yellow
Class B\Class B_101.png,1,3,Yellow
Class B\Class B_102.png,1,3,Yellow
Class B\Class B_103.png,1,3,Yellow
Class B\Class B_104.png,1,3,Yellow
Class B\Class B_105.png,1,3,Yellow
Class B\Class B_106.png,1,3,Yellow
Class B\Class B_107.png,1,3,Yellow
Class B\Class B_108.png,1,3,Yellow
Class B\Class B_109.png,1,3,Yellow
Class B\Class B_11.png,1,3,Yellow
Class B\Class B_110.png,1,3,Yellow
Class B\Class B_111.png,1,3,Yellow
Class B\Class B_112.png,1,3,Yellow
Class B\Class B_113.png,1,3,Yellow
Class B\Class B_114.png,1,3,Yellow
Class B\Class B_115.png,1,3,Yellow
Class B\Class B_116.png,1,3,Yellow
Class B\Class B_117.png,1,3,Yellow
Class B\Class B_118.png,1,3,Yellow
Class B\Class B_119.png,1,3,Yellow
Class B\Class B_12.png,1,3,Yellow
Class B\Class B_120.png,1,3,Yellow
Class B\Class B_121.png,1,3,Yellow
Class B\Class B_122.png,1,3,Yellow
Class B\Class B_123.png,1,3,Yellow
Class B\Class B_124.png,1,3,Yellow
Class B\Class B_125.png,1,3,Yellow
Class B\Class B_126.png,1,3,Yellow
Class B\Class B_127.png,1,3,Yellow
Class B\Class B_128.png,1,3,Yellow
Class B\Class B_129.png,1,3,Yellow
Class B\Class B_13.png,1,3,Yellow
Class B\Class B_130.png,1,3,Yellow
Class B\Class B_131.png,1,3,Yellow
Class B\Class B_132.png,1,3,Yellow
Class B\Class B_133.png,1,3,Yellow
Class B\Class B_134.png,1,3,Yellow
Class B\Class B_135.png,1,3,Yellow
Class B\Class B_136.png,1,3,Yellow
Class B\Class B_137.png,1,3,Yellow
Class B\Class B_138.png,1,3,Yellow
Class B\Class B_139.png,1,3,Yellow
Class B\Class B_14.png,1,3,Yellow
Class B\Class B_140.png,1,3,Yellow
Class B\Class B_141.png,1,3,Yellow
Class B\Class B_142.png,1,3,Yellow
Class B\Class B_143.png,1,3,Yellow
Class B\Class B_144.png,1,3,Yellow
Class B\Class B_145.png,1,3,Yellow
Class B\Class B_146.png,1,3,Yellow
Class B\Class B_147.png,1,3,Yellow
Class B\Class B_148.png,1,3,Yellow
Class B\Class B_149.png,1,3,Yellow
Class B\Class B_15.png,1,3,Yellow
Class B\Class B_150.png,1,3,Yellow
Class B\Class B_151.png,1,3,Yellow
Class B\Class B_152.png,1,3,Yellow
Class B\Class B_153.png,1,3,Yellow
Class B\Class B_154.png,1,3,Yellow
Class B\Class B_155.png,1,3,Yellow
Class B\Class B_156.png,1,3,Yellow
Class B\Class B_157.png,1,3,Yellow
Class B\Class B_158.png,1,3,Yellow
Class B\Class B_159.png,1,3,Yellow
Class B\Class B_16.png,1,3,Yellow
Class B\Class B_160.png,1,3,Yellow
Class B\Class B_161.png,1,3,Yellow
Class B\Class B_162.png,1,3,Yellow
Class B\Class B_163.png,1,3,Yellow
Class B\Class B_164.png,1,3,Yellow
Class B\Class B_165.png,1,3,Yellow
Class B\Class B_166.png,1,3,Yellow
Class B\Class B_167.png,1,3,Yellow
Class B\Class B_168.png,1,3,Yellow
Class B\Class B_169.png,1,3,Yellow
Class B\Class B_17.png,1,3,Yellow
Class B\Class B_170.png,1,3,Yellow
Class B\Class B_171.png,1,3,Yellow
Class B\Class B_172.png,1,3,Yellow
Class B\Class B_173.png,1,3,Yellow
Class B\Class B_174.png,1,3,Yellow
Class B\Class B_175.png,1,3,Yellow
Class B\Class B_176.png,1,3,Yellow
Class B\Class B_177.png,1,3,Yellow
Class B\Class B_178.png,1,3,Yellow
Class B\Class B_179.png,1,3,Yellow
Class B\Class B_18.png,1,3,Yellow
Class B\Class B_180.png,1,3,Yellow
Class B\Class B_181.png,1,3,Yellow
Class B\Class B_182.png,1,3,Yellow
Class B\Class B_183.png,1,3,Yellow
Class B\Class B_184.png,1,3,Yellow
Class B\Class B_185.png,1,3,Yellow
Class B\Class B_186.png,1,3,Yellow
Class B\Class B_187.png,1,3,Yellow
Class B\Class B_188.png,1,3,Yellow
Class B\Class B_189.png,1,3,Yellow
Class B\Class B_19.png,1,3,Yellow
Class B\Class B_190.png,1,3,Yellow
Class B\Class B_191.png,1,3,Yellow
Class B\Class B_192.png,1,3,Yellow
Class B\Class B_193.png,1,3,Yellow
Class B\Class B_194.png,1,3,Yellow
Class B\Class B_195.png,1,3,Yellow
Class B\Class B_196.png,1,3,Yellow
Class B\Class B_197.png,1,3,Yellow
Class B\Class B_198.png,1,3,Yellow
Class B\Class B_199.png,1,3,Yellow
Class B\Class B_20.png,1,3,Yellow
Class B\Class B_200.png,1,3,Yellow
Class B\Class B_201.png,1,3,Yellow
Class B\Class B_202.png,1,3,Yellow
Class B\Class B_203.png,1,3,Yellow
Class B\Class B_204.png,1,3,Yellow
Class B\Class B_205.png,1,3,Yellow
Class B\Class B_206.png,1,3,Yellow
Class B\Class B_207.png,1,3,Yellow
Class B\Class B_208.png,1,3,Yellow
Class B\Class B_209.png,1,3,Yellow
Class B\Class B_21.png,1,3,Yellow
Class B\Class B_210.png,1,3,Yellow
Class B\Class B_211.png,1,3,Yellow
Class B\Class B_212.png,1,3,Yellow
Class B\Class B_213.png,1,3,Yellow
Class B\Class B_214.png,1,3,Yellow
Class B\Class B_215.png,1,3,Yellow
Class B\Class B_216.png,1,3,Yellow
Class B\Class B_217.png,1,3,Yellow
Class B\Class B_218.png,1,3,Yellow
Class B\Class B_219.png,1,3,Yellow
Class B\Class B_22.png,1,3,Yellow
Class B\Class B_220.png,1,3,Yellow
Class B\Class B_221.png,1,3,Yellow
Class B\Class B_222.png,1,3,Yellow
Class B\Class B_223.png,1,3,Yellow
Class B\Class B_224.png,1,3,Yellow
Class B\Class B_225.png,1,3,Yellow
Class B\Class B_226.png,1,3,Yellow
Class B\Class B_227.png,1,3,Yellow
Class B\Class B_228.png,1,3,Yellow
Class B\Class B_229.png,1,3,Yellow
Class B\Class B_23.png,1,3,Yellow
Class B\Class B_230.png,1,3,Yellow
Class B\Class B_231.png,1,3,Yellow
Class B\Class B_232.png,1,3,Yellow
Class B\Class B_233.png,1,3,Yellow
Class B\Class B_234.png,1,3,Yellow
Class B\Class B_235.png,1,3,Yellow
Class B\Class B_236.png,1,3,Yellow
Class B\Class B_237.png,1,3,Yellow
Class B\Class B_238.png,1,3,Yellow
Class B\Class B_239.png,1,3,Yellow
Class B\Class B_24.png,1,3,Yellow
Class B\Class B_240.png,1,3,Yellow
Class B\Class B_241.png,1,3,Yellow
Class B\Class B_242.png,1,3,Yellow
Class B\Class B_243.png,1,3,Yellow
Class B\Class B_244.png,1,3,Yellow
Class B\Class B_245.png,1,3,Yellow
Class B\Class B_246.png,1,3,Yellow
Class B\Class B_247.png,1,3,Yellow
Class B\Class B_248.png,1,3,Yellow
Class B\Class B_249.png,1,3,Yellow
Class B\Class B_25.png,1,3,Yellow
Class B\Class B_250.png,1,3,Yellow
Class B\Class B_251.png,1,3,Yellow
Class B\Class B_252.png,1,3,Yellow
Class B\Class B_253.png,1,3,Yellow
Class B\Class B_254.png,1,3,Yellow
Class B\Class B_255.png,1,3,Yellow
Class B\Class B_256.png,1,3,Yellow
Class B\Class B_257.png,1,3,Yellow
Class B\Class B_258.png,1,3,Yellow
Class B\Class B_259.png,1,3,Yellow
Class B\Class B_26.png,1,3,Yellow
Class B\Class B_260.png,1,3,Yellow
Class B\Class B_261.png,1,3,Yellow
Class B\Class B_262.png,1,3,Yellow
Class B\Class B_263.png,1,3,Yellow
Class B\Class B_264.png,1,3,Yellow
Class B\Class B_265.png,1,3,Yellow
Class B\Class B_266.png,1,3,Yellow
Class B\Class B_267.png,1,3,Yellow
Class B\Class B_268.png,1,3,Yellow
Class B\Class B_269.png,1,3,Yellow
Class B\Class B_27.png,1,3,Yellow
Class B\Class B_270.png,1,3,Yellow
Class B\Class B_271.png,1,3,Yellow
Class B\Class B_272.png,1,3,Yellow
Class B\Class B_273.png,1,3,Yellow
Class B\Class B_274.png,1,3,Yellow
Class B\Class B_275.png,1,3,Yellow
Class B\Class B_276.png,1,3,Yellow
Class B\Class B_277.png,1,3,Yellow
Class B\Class B_278.png,1,3,Yellow
Class B\Class B_279.png,1,3,Yellow
Class B\Class B_28.png,1,3,Yellow
Class B\Class B_280.png,1,3,Yellow
Class B\Class B_281.png,1,3,Yellow
Class B\Class B_282.png,1,3,Yellow
Class B\Class B_283.png,1,3,Yellow
Class B\Class B_284.png,1,3,Yellow
Class B\Class B_285.png,1,3,Yellow
Class B\Class B_286.png,1,3,Yellow
Class B\Class B_287.png,1,3,Yellow
Class B\Class B_288.png,1,3,Yellow
Class B\Class B_289.png,1,3,Yellow
Class B\Class B_29.png,1,3,Yellow
Class B\Class B_290.png,1,3,Yellow
Class B\Class B_291.png,1,3,Yellow
Class B\Class B_292.png,1,3,Yellow
Class B\Class B_293.png,1,3,Yellow
Class B\Class B_294.png,1,3,Yellow
Class B\Class B_295.png,1,3,Yellow
Class B\Class B_296.png,1,3,Yellow
Class B\Class B_297.png,1,3,Yellow
Class B\Class B_298.png,1,3,Yellow
Class B\Class B_299.png,1,3,Yellow
Class B\Class B_30.png,1,3,Yellow
Class B\Class B_300.png,1,3,Yellow
Class B\Class B_301.png,1,3,Yellow
Class B\Class B_302.png,1,3,Yellow
Class B\Class B_303.png,1,3,Yellow
Class B\Class B_304.png,1,3,Yellow
Class B\Class B_305.png,1,3,Yellow
Class B\Class B_306.png,1,3,Yellow
Class B\Class B_307.png,1,3,Yellow
Class B\Class B_308.png,1,3,Yellow
Class B\Class B_309.png,1,3,Yellow
Class B\Class B_31.png,1,3,Yellow
Class B\Class B_310.png,1,3,Yellow
Class B\Class B_311.png,1,3,Yellow
Class B\Class B_312.png,1,3,Yellow
Class B\Class B_313.png,1,3,Yellow
Class B\Class B_314.png,1,3,Yellow
Class B\Class B_315.png,1,3,Yellow
Class B\Class B_316.png,1,3,Yellow
Class B\Class B_317.png,1,3,Yellow
Class B\Class B_318.png,1,3,Yellow
Class B\Class B_319.png,1,3,Yellow
Class B\Class B_32.png,1,3,Yellow
Class B\Class B_320.png,1,3,Yellow
Class B\Class B_321.png,1,3,Yellow
Class B\Class B_322.png,1,3,Yellow
Class B\Class B_323.png,1,3,Yellow
Class B\Class B_324.png,1,3,Yellow
Class B\Class B_325.png,1,3,Yellow
Class B\Class B_326.png,1,3,Yellow
Class B\Class B_327.png,1,3,Yellow
Class B\Class B_328.png,1,3,Yellow
Class B\Class B_329.png,1,3,Yellow
Class B\Class B_33.png,1,3,Yellow
Class B\Class B_330.png,1,3,Yellow
Class B\Class B_331.png,1,3,Yellow
Class B\Class B_332.png,1,3,Yellow
Class B\Class B_333.png,1,3,Yellow
Class B\Class B_334.png,1,3,Yellow
Class B\Class B_335.png,1,3,Yellow
Class B\Class B_336.png,1,3,Yellow
Class B\Class B_337.png,1,3,Yellow
Class B\Class B_338.png,1,3,Yellow
Class B\Class B_339.png,1,3,Yellow
Class B\Class B_34.png,1,3,Yellow
Class B\Class B_340.png,1,3,Yellow
Class B\Class B_341.png,1,3,Yellow
Class B\Class B_342.png,1,3,Yellow
Class B\Class B_343.png,1,3,Yellow
Class B\Class B_344.png,1,3,Yellow
Class B\Class B_345.png,1,3,Yellow
Class B\Class B_346.png,1,3,Yellow
Class B\Class B_347.png,1,3,Yellow
Class B\Class B_348.png,1,3,Yellow
Class B\Class B_349.png,1,3,Yellow
Class B\Class B_35.png,1,3,Yellow
Class B\Class B_350.png,1,3,Yellow
Class B\Class B_351.png,1,3,Yellow
Class B\Class B_352.png,1,3,Yellow
Class B\Class B_353.png,1,3,Yellow
Class B\Class B_354.png,1,3,Yellow
Class B\Class B_355.png,1,3,Yellow
Class B\Class B_356.png,1,3,Yellow
Class B\Class B_357.png,1,3,Yellow
Class B\Class B_358.png,1,3,Yellow
Class B\Class B_359.png,1,3,Yellow
Class B\Class B_36.png,1,3,Yellow
Class B\Class B_360.png,1,3,Yellow
Class B\Class B_361.png,1,3,Yellow
Class B\Class B_362.png,1,3,Yellow
Class B\Class B_363.png,1,3,Yellow
Class B\Class B_364.png,1,3,Yellow
Class B\Class B_365.png,1,3,Yellow
Class B\Class B_366.png,1,3,Yellow
Class B\Class B_367.png,1,3,Yellow
Class B\Class B_368.png,1,3,Yellow
Class B\Class B_369.png,1,3,Yellow
Class B\Class B_37.png,1,3,Yellow
Class B\Class B_370.png,1,3,Yellow
Class B\Class B_371.png,1,3,Yellow
Class B\Class B_372.png,1,3,Yellow
Class B\Class B_373.png,1,3,Yellow
Class B\Class B_374.png,1,3,Yellow
Class B\Class B_375.png,1,3,Yellow
Class B\Class B_376.png,1,3,Yellow
Class B\Class B_377.png,1,3,Yellow
Class B\Class B_378.png,1,3,Yellow
Class B\Class B_379.png,1,3,Yellow
Class B\Class B_38.png,1,3,Yellow
Class B\Class B_380.png,1,3,Yellow
Class B\Class B_381.png,1,3,Yellow
Class B\Class B_382.png,1,3,Yellow
Class B\Class B_383.png,1,3,Yellow
Class B\Class B_384.png,1,3,Yellow
Class B\Class B_385.png,1,3,Yellow
Class B\Class B_386.png,1,3,Yellow
Class B\Class B_387.png,1,3,Yellow
Class B\Class B_388.png,1,3,Yellow
Class B\Class B_389.png,1,3,Yellow
Class B\Class B_39.png,1,3,Yellow
Class B\Class B_390.png,1,3,Yellow
Class B\Class B_391.png,1,3,Yellow
Class B\Class B_392.png,1,3,Yellow
Class B\Class B_393.png,1,3,Yellow
Class B\Class B_394.png,1,3,Yellow
Class B\Class B_395.png,1,3,Yellow
Class B\Class B_396.png,1,3,Yellow
Class B\Class B_397.png,1,3,Yellow
Class B\Class B_398.png,1,3,Yellow
Class B\Class B_399.png,1,3,Yellow
Class B\Class B_40.png,1,3,Yellow
Class B\Class B_400.png,1,3,Yellow
Class B\Class B_401.png,1,3,Yellow
Class B\Class B_402.png,1,3,Yellow
Class B\Class B_403.png,1,3,Yellow
Class B\Class B_404.png,1,3,Yellow
Class B\Class B_405.png,1,3,Yellow
Class B\Class B_406.png,1,3,Yellow
Class B\Class B_407.png,1,3,Yellow
Class B\Class B_408.png,1,3,Yellow
Class B\Class B_409.png,1,3,Yellow
Class B\Class B_41.png,1,3,Yellow
Class B\Class B_410.png,1,3,Yellow
Class B\Class B_411.png,1,3,Yellow
Class B\Class B_412.png,1,3,Yellow
Class B\Class B_413.png,1,3,Yellow
Class B\Class B_414.png,1,3,Yellow
Class B\Class B_415.png,1,3,Yellow
Class B\Class B_416.png,1,3,Yellow
Class B\Class B_417.png,1,3,Yellow
Class B\Class B_418.png,1,3,Yellow
Class B\Class B_419.png,1,3,Yellow
Class B\Class B_42.png,1,3,Yellow
Class B\Class B_420.png,1,3,Yellow
Class B\Class B_421.png,1,3,Yellow
Class B\Class B_422.png,1,3,Yellow
Class B\Class B_423.png,1,3,Yellow
Class B\Class B_424.png,1,3,Yellow
Class B\Class B_425.png,1,3,Yellow
Class B\Class B_426.png,1,3,Yellow
Class B\Class B_427.png,1,3,Yellow
Class B\Class B_428.png,1,3,Yellow
Class B\Class B_429.png,1,3,Yellow
Class B\Class B_43.png,1,3,Yellow
Class B\Class B_430.png,1,3,Yellow
Class B\Class B_431.png,1,3,Yellow
Class B\Class B_432.png,1,3,Yellow
Class B\Class B_433.png,1,3,Yellow
Class B\Class B_434.png,1,3,Yellow
Class B\Class B_435.png,1,3,Yellow
Class B\Class B_436.png,1,3,Yellow
Class B\Class B_437.png,1,3,Yellow
Class B\Class B_438.png,1,3,Yellow
Class B\Class B_439.png,1,3,Yellow
Class B\Class B_44.png,1,3,Yellow
Class B\Class B_440.png,1,3,Yellow
Class B\Class B_441.png,1,3,Yellow
Class B\Class B_442.png,1,3,Yellow
Class B\Class B_443.png,1,3,Yellow
Class B\Class B_444.png,1,3,Yellow
Class B\Class B_445.png,1,3,Yellow
Class B\Class B_446.png,1,3,Yellow
Class B\Class B_447.png,1,3,Yellow
Class B\Class B_448.png,1,3,Yellow
Class B\Class B_449.png,1,3,Yellow
Class B\Class B_45.png,1,3,Yellow
Class B\Class B_450.png,1,3,Yellow
Class B\Class B_451.png,1,3,Yellow
Class B\Class B_452.png,1,3,Yellow
Class B\Class B_453.png,1,3,Yellow
Class B\Class B_454.png,1,3,Yellow
Class B\Class B_455.png,1,3,Yellow
Class B\Class B_456.png,1,3,Yellow
Class B\Class B_457.png,1,3,Yellow
Class B\Class B_458.png,1,3,Yellow
Class B\Class B_459.png,1,3,Yellow
Class B\Class B_46.png,1,3,Yellow
Class B\Class B_460.png,1,3,Yellow
Class B\Class B_461.png,1,3,Yellow
Class B\Class B_462.png,1,3,Yellow
Class B\Class B_463.png,1,3,Yellow
Class B\Class B_464.png,1,3,Yellow
Class B\Class B_465.png,1,3,Yellow
Class B\Class B_466.png,1,3,Yellow
Class B\Class B_467.png,1,3,Yellow
Class B\Class B_468.png,1,3,Yellow
Class B\Class B_469.png,1,3,Yellow
Class B\Class B_47.png,1,3,Yellow
Class B\Class B_470.png,1,3,Yellow
Class B\Class B_471.png,1,3,Yellow
Class B\Class B_472.png,1,3,Yellow
Class B\Class B_473.png,1,3,Yellow
Class B\Class B_474.png,1,3,Yellow
Class B\Class B_475.png,1,3,Yellow
Class B\Class B_476.png,1,3,Yellow
Class B\Class B_477.png,1,3,Yellow
Class B\Class B_478.png,1,3,Yellow
Class B\Class B_479.png,1,3,Yellow
Class B\Class B_48.png,1,3,Yellow
Class B\Class B_480.png,1,3,Yellow
Class B\Class B_481.png,1,3,Yellow
Class B\Class B_482.png,1,3,Yellow
Class B\Class B_483.png,1,3,Yellow
Class B\Class B_484.png,1,3,Yellow
Class B\Class B_485.png,1,3,Yellow
Class B\Class B_486.png,1,3,Yellow
Class B\Class B_487.png,1,3,Yellow
Class B\Class B_488.png,1,3,Yellow
Class B\Class B_489.png,1,3,Yellow
Class B\Class B_49.png,1,3,Yellow
Class B\Class B_50.png,1,3,Yellow
Class B\Class B_51.png,1,3,Yellow
Class B\Class B_52.png,1,3,Yellow
Class B\Class B_53.png,1,3,Yellow
Class B\Class B_54.png,1,3,Yellow
Class B\Class B_55.png,1,3,Yellow
Class B\Class B_56.png,1,3,Yellow
Class B\Class B_57.png,1,3,Yellow
Class B\Class B_58.png,1,3,Yellow
Class B\Class B_59.png,1,3,Yellow
Class B\Class B_60.png,1,3,Yellow
Class B\Class B_61.png,1,3,Yellow
Class B\Class B_62.png,1,3,Yellow
Class B\Class B_63.png,1,3,Yellow
Class B\Class B_64.png,1,3,Yellow
Class B\Class B_65.png,1,3,Yellow
Class B\Class B_66.png,1,3,Yellow
Class B\Class B_67.png,1,3,Yellow
Class B\Class B_68.png,1,3,Yellow
Class B\Class B_69.png,1,3,Yellow
Class B\Class B_70.png,1,3,Yellow
Class B\Class B_71.png,1,3,Yellow
Class B\Class B_72.png,1,3,Yellow
Class B\Class B_73.png,1,3,Yellow
Class B\Class B_74.png,1,3,Yellow
Class B\Class B_75.png,1,3,Yellow
Class B\Class B_76.png,1,3,Yellow
Class B\Class B_77.png,1,3,Yellow
Class B\Class B_78.png,1,3,Yellow
Class B\Class B_79.png,1,3,Yellow
Class B\Class B_80.png,1,3,Yellow
Class B\Class B_81.png,1,3,Yellow
Class B\Class B_82.png,1,3,Yellow
Class B\Class B_83.png,1,3,Yellow
Class B\Class B_84.png,1,3,Yellow
Class B\Class B_85.png,1,3,Yellow
Class B\Class B_86.png,1,3,Yellow
Class B\Class B_87.png,1,3,Yellow
Class B\Class B_88.png,1,3,Yellow
Class B\Class B_89.png,1,3,Yellow
Class B\Class B_90.png,1,3,Yellow
Class B\Class B_91.png,1,3,Yellow
Class B\Class B_92.png,1,3,Yellow
Class B\Class B_93.png,1,3,Yellow
Class B\Class B_94.png,1,3,Yellow
Class B\Class B_95.png,1,3,Yellow
Class B\Class B_96.png,1,3,Yellow
Class B\Class B_97.png,1,3,Yellow
Class B\Class B_98.png,1,3,Yellow
Class B\Class B_99.png,1,3,Yellow
Class C\Class C_01.png,2,1,Brown Spots
Class C\Class C_02.png,2,1,Brown Spots
Class C\Class C_03.png,2,1,Brown Spots
Class C\Class C_04.png,2,1,Brown Spots
Class C\Class C_05.png,2,1,Brown Spots
Class C\Class C_06.png,2,1,Brown Spots
Class C\Class C_07.png,2,1,Brown Spots
Class C\Class C_08.png,2,1,Brown Spots
Class C\Class C_09.png,2,1,Brown Spots
Class C\Class C_10.png,2,1,Brown Spots
Class C\Class C_100.png,2,1,Brown Spots
Class C\Class C_101.png,2,1,Brown Spots
Class C\Class C_102.png,2,1,Brown Spots
Class C\Class C_103.png,2,1,Brown Spots
Class C\Class C_104.png,2,1,Brown Spots
Class C\Class C_105.png,2,1,Brown Spots
Class C\Class C_106.png,2,1,Brown Spots
Class C\Class C_107.png,2,1,Brown Spots
Class C\Class C_108.png,2,1,Brown Spots
Class C\Class C_109.png,2,1,Brown Spots
Class C\Class C_11.png,2,1,Brown Spots
Class C\Class C_110.png,2,1,Brown Spots
Class C\Class C_111.png,2,1,Brown Spots
Class C\Class C_112.png,2,1,Brown Spots
Class C\Class C_113.png,2,1,Brown Spots
Class C\Class C_114.png,2,1,Brown Spots
Class C\Class C_115.png,2,1,Brown Spots
Class C\Class C_116.png,2,1,Brown Spots
Class C\Class C_117.png,2,1,Brown Spots
Class C\Class C_118.png,2,1,Brown Spots
Class C\Class C_119.png,2,1,Brown Spots
Class C\Class C_12.png,2,1,Brown Spots
Class C\Class C_120.png,2,1,Brown Spots
Class C\Class C_121.png,2,1,Brown Spots
Class C\Class C_122.png,2,1,Brown Spots
Class C\Class C_123.png,2,1,Brown Spots
Class C\Class C_124.png,2,1,Brown Spots
Class C\Class C_125.png,2,1,Brown Spots
Class C\Class C_126.png,2,1,Brown Spots
Class C\Class C_127.png,2,1,Brown Spots
Class C\Class C_128.png,2,1,Brown Spots
Class C\Class C_129.png,2,1,Brown Spots
Class C\Class C_13.png,2,1,Brown Spots
Class C\Class C_130.png,2,1,Brown Spots
Class C\Class C_131.png,2,1,Brown Spots
Class C\Class C_132.png,2,1,Brown Spots
Class C\Class C_133.png,2,1,Brown Spots
Class C\Class C_134.png,2,1,Brown Spots
Class C\Class C_135.png,2,1,Brown Spots
Class C\Class C_136.png,2,1,Brown Spots
Class C\Class C_137.png,2,1,Brown Spots
Class C\Class C_138.png,2,1,Brown Spots
Class C\Class C_139.png,2,1,Brown Spots
Class C\Class C_14.png,2,1,Brown Spots
Class C\Class C_140.png,2,1,Brown Spots
Class C\Class C_141.png,2,1,Brown Spots
Class C\Class C_142.png,2,1,Brown Spots
Class C\Class C_143.png,2,1,Brown Spots
Class C\Class C_144.png,2,1,Brown Spots
Class C\Class C_145.png,2,1,Brown Spots
Class C\Class C_146.png,2,1,Brown Spots
Class C\Class C_147.png,2,1,Brown Spots
Class C\Class C_148.png,2,1,Brown Spots
Class C\Class C_149.png,2,1,Brown Spots
Class C\Class C_15.png,2,1,Brown Spots
Class C\Class C_150.png,2,1,Brown Spots
Class C\Class C_151.png,2,1,Brown Spots
Class C\Class C_152.png,2,1,Brown Spots
Class C\Class C_153.png,2,1,Brown Spots
Class C\Class C_154.png,2,1,Brown Spots
Class C\Class C_155.png,2,1,Brown Spots
Class C\Class C_156.png,2,1,Brown Spots
Class C\Class C_157.png,2,1,Brown Spots
Class C\Class C_158.png,2,1,Brown Spots
Class C\Class C_159.png,2,1,Brown Spots
Class C\Class C_16.png,2,1,Brown Spots
Class C\Class C_160.png,2,1,Brown Spots
Class C\Class C_161.png,2,1,Brown Spots
Class C\Class C_162.png,2,1,Brown Spots
Class C\Class C_163.png,2,1,Brown Spots
Class C\Class C_164.png,2,1,Brown Spots
Class C\Class C_165.png,2,1,Brown Spots
Class C\Class C_166.png,2,1,Brown Spots
Class C\Class C_167.png,2,1,Brown Spots
Class C\Class C_168.png,2,1,Brown Spots
Class C\Class C_169.png,2,1,Brown Spots
Class C\Class C_17.png,2,1,Brown Spots
Class C\Class C_170.png,2,1,Brown Spots
Class C\Class C_171.png,2,1,Brown Spots
Class C\Class C_172.png,2,1,Brown Spots
Class C\Class C_173.png,2,1,Brown Spots
Class C\Class C_174.png,2,1,Brown Spots
Class C\Class C_175.png,2,1,Brown Spots
Class C\Class C_176.png,2,1,Brown Spots
Class C\Class C_177.png,2,1,Brown Spots
Class C\Class C_178.png,2,1,Brown Spots
Class C\Class C_179.png,2,1,Brown Spots
Class C\Class C_18.png,2,1,Brown Spots
Class C\Class C_180.png,2,1,Brown Spots
Class C\Class C_181.png,2,1,Brown Spots
Class C\Class C_182.png,2,1,Brown Spots
Class C\Class C_183.png,2,1,Brown Spots
Class C\Class C_184.png,2,1,Brown Spots
Class C\Class C_185.png,2,1,Brown Spots
Class C\Class C_186.png,2,1,Brown Spots
Class C\Class C_187.png,2,1,Brown Spots
Class C\Class C_188.png,2,1,Brown Spots
Class C\Class C_189.png,2,1,Brown Spots
Class C\Class C_19.png,2,1,Brown Spots
Class C\Class C_190.png,2,1,Brown Spots
Class C\Class C_191.png,2,1,Brown Spots
Class C\Class C_192.png,2,1,Brown Spots
Class C\Class C_193.png,2,1,Brown Spots
Class C\Class C_194.png,2,1,Brown Spots
Class C\Class C_195.png,2,1,Brown Spots
Class C\Class C_196.png,2,1,Brown Spots
Class C\Class C_197.png,2,1,Brown Spots
Class C\Class C_198.png,2,1,Brown Spots
Class C\Class C_199.png,2,1,Brown Spots
Class C\Class C_20.png,2,1,Brown Spots
Class C\Class C_200.png,2,1,Brown Spots
Class C\Class C_201.png,2,1,Brown Spots
Class C\Class C_202.png,2,1,Brown Spots
Class C\Class C_203.png,2,1,Brown Spots
Class C\Class C_204.png,2,1,Brown Spots
Class C\Class C_205.png,2,1,Brown Spots
Class C\Class C_206.png,2,1,Brown Spots
Class C\Class C_207.png,2,1,Brown Spots
Class C\Class C_208.png,2,1,Brown Spots
Class C\Class C_209.png,2,1,Brown Spots
Class C\Class C_21.png,2,1,Brown Spots
Class C\Class C_210.png,2,1,Brown Spots
Class C\Class C_211.png,2,1,Brown Spots
Class C\Class C_212.png,2,1,Brown Spots
Class C\Class C_213.png,2,1,Brown Spots
Class C\Class C_214.png,2,1,Brown Spots
Class C\Class C_215.png,2,1,Brown Spots
Class C\Class C_216.png,2,1,Brown Spots
Class C\Class C_217.png,2,1,Brown Spots
Class C\Class C_218.png,2,1,Brown Spots
Class C\Class C_219.png,2,1,Brown Spots
Class C\Class C_22.png,2,1,Brown Spots
Class C\Class C_220.png,2,1,Brown Spots
Class C\Class C_221.png,2,1,Brown Spots
Class C\Class C_222.png,2,1,Brown Spots
Class C\Class C_223.png,2,1,Brown Spots
Class C\Class C_224.png,2,1,Brown Spots
Class C\Class C_225.png,2,1,Brown Spots
Class C\Class C_226.png,2,1,Brown Spots
Class C\Class C_227.png,2,1,Brown Spots
Class C\Class C_228.png,2,1,Brown Spots
Class C\Class C_229.png,2,1,Brown Spots
Class C\Class C_23.png,2,1,Brown Spots
Class C\Class C_230.png,2,1,Brown Spots
Class C\Class C_231.png,2,1,Brown Spots
Class C\Class C_232.png,2,1,Brown Spots
Class C\Class C_233.png,2,1,Brown Spots
Class C\Class C_234.png,2,1,Brown Spots
Class C\Class C_235.png,2,1,Brown Spots
Class C\Class C_236.png,2,1,Brown Spots
Class C\Class C_237.png,2,1,Brown Spots
Class C\Class C_238.png,2,1,Brown Spots
Class C\Class C_239.png,2,1,Brown Spots
Class C\Class C_24.png,2,1,Brown Spots
Class C\Class C_240.png,2,1,Brown Spots
Class C\Class C_241.png,2,1,Brown Spots
Class C\Class C_242.png,2,1,Brown Spots
Class C\Class C_243.png,2,1,Brown Spots
Class C\Class C_244.png,2,1,Brown Spots
Class C\Class C_245.png,2,1,Brown Spots
Class C\Class C_246.png,2,1,Brown Spots
Class C\Class C_247.png,2,1,Brown Spots
Class C\Class C_248.png,2,1,Brown Spots
Class C\Class C_249.png,2,1,Brown Spots
Class C\Class C_25.png,2,1,Brown Spots
Class C\Class C_250.png,2,1,Brown Spots
Class C\Class C_251.png,2,1,Brown Spots
Class C\Class C_252.png,2,1,Brown Spots
Class C\Class C_253.png,2,1,Brown Spots
Class C\Class C_254.png,2,1,Brown Spots
Class C\Class C_255.png,2,1,Brown Spots
Class C\Class C_256.png,2,1,Brown Spots
Class C\Class C_257.png,2,1,Brown Spots
Class C\Class C_258.png,2,1,Brown Spots
Class C\Class C_259.png,2,1,Brown Spots
Class C\Class C_26.png,2,1,Brown Spots
Class C\Class C_260.png,2,1,Brown Spots
Class C\Class C_261.png,2,1,Brown Spots
Class C\Class C_262.png,2,1,Brown Spots
Class C\Class C_263.png,2,1,Brown Spots
Class C\Class C_264.png,2,1,Brown Spots
Class C\Class C_265.png,2,1,Brown Spots
Class C\Class C_266.png,2,1,Brown Spots
Class C\Class C_267.png,2,1,Brown Spots
Class C\Class C_268.png,2,1,Brown Spots
Class C\Class C_269.png,2,1,Brown Spots
Class C\Class C_27.png,2,1,Brown Spots
Class C\Class C_270.png,2,1,Brown Spots
Class C\Class C_271.png,2,1,Brown Spots
Class C\Class C_272.png,2,1,Brown Spots
Class C\Class C_273.png,2,1,Brown Spots
Class C\Class C_274.png,2,1,Brown Spots
Class C\Class C_275.png,2,1,Brown Spots
Class C\Class C_276.png,2,1,Brown Spots
Class C\Class C_277.png,2,1,Brown Spots
Class C\Class C_278.png,2,1,Brown Spots
Class C\Class C_279.png,2,1,Brown Spots
Class C\Class C_28.png,2,1,Brown Spots
Class C\Class C_280.png,2,1,Brown Spots
Class C\Class C_281.png,2,1,Brown Spots
Class C\Class C_282.png,2,1,Brown Spots
Class C\Class C_283.png,2,1,Brown Spots
Class C\Class C_284.png,2,1,Brown Spots
Class C\Class C_285.png,2,1,Brown Spots
Class C\Class C_286.png,2,1,Brown Spots
Class C\Class C_287.png,2,1,Brown Spots
Class C\Class C_288.png,2,1,Brown Spots
Class C\Class C_289.png,2,1,Brown Spots
Class C\Class C_29.png,2,1,Brown Spots
Class C\Class C_290.png,2,1,Brown Spots
Class C\Class C_291.png,2,1,Brown Spots
Class C\Class C_292.png,2,1,Brown Spots
Class C\Class C_293.png,2,1,Brown Spots
Class C\Class C_294.png,2,1,Brown Spots
Class C\Class C_295.png,2,1,Brown Spots
Class C\Class C_296.png,2,1,Brown Spots
Class C\Class C_297.png,2,1,Brown Spots
Class C\Class C_298.png,2,1,Brown Spots
Class C\Class C_299.png,2,1,Brown Spots
Class C\Class C_30.png,2,1,Brown Spots
Class C\Class C_300.png,2,1,Brown Spots
Class C\Class C_301.png,2,1,Brown Spots
Class C\Class C_302.png,2,1,Brown Spots
Class C\Class C_303.png,2,1,Brown Spots
Class C\Class C_304.png,2,1,Brown Spots
Class C\Class C_305.png,2,1,Brown Spots
Class C\Class C_306.png,2,1,Brown Spots
Class C\Class C_307.png,2,1,Brown Spots
Class C\Class C_308.png,2,1,Brown Spots
Class C\Class C_309.png,2,1,Brown Spots
Class C\Class C_31.png,2,1,Brown Spots
Class C\Class C_310.png,2,1,Brown Spots
Class C\Class C_311.png,2,1,Brown Spots
Class C\Class C_312.png,2,1,Brown Spots
Class C\Class C_313.png,2,1,Brown Spots
Class C\Class C_314.png,2,1,Brown Spots
Class C\Class C_315.png,2,1,Brown Spots
Class C\Class C_316.png,2,1,Brown Spots
Class C\Class C_317.png,2,1,Brown Spots
Class C\Class C_318.png,2,1,Brown Spots
Class C\Class C_319.png,2,1,Brown Spots
Class C\Class C_32.png,2,1,Brown Spots
Class C\Class C_320.png,2,1,Brown Spots
Class C\Class C_321.png,2,1,Brown Spots
Class C\Class C_322.png,2,1,Brown Spots
Class C\Class C_323.png,2,1,Brown Spots
Class C\Class C_324.png,2,1,Brown Spots
Class C\Class C_325.png,2,1,Brown Spots
Class C\Class C_326.png,2,1,Brown Spots
Class C\Class C_327.png,2,1,Brown Spots
Class C\Class C_328.png,2,1,Brown Spots
Class C\Class C_329.png,2,1,Brown Spots
Class C\Class C_33.png,2,1,Brown Spots
Class C\Class C_330.png,2,1,Brown Spots
Class C\Class C_331.png,2,1,Brown Spots
Class C\Class C_332.png,2,1,Brown Spots
Class C\Class C_333.png,2,1,Brown Spots
Class C\Class C_334.png,2,1,Brown Spots
Class C\Class C_335.png,2,1,Brown Spots
Class C\Class C_336.png,2,1,Brown Spots
Class C\Class C_337.png,2,1,Brown Spots
Class C\Class C_338.png,2,1,Brown Spots
Class C\Class C_339.png,2,1,Brown Spots
Class C\Class C_34.png,2,1,Brown Spots
Class C\Class C_340.png,2,1,Brown Spots
Class C\Class C_341.png,2,1,Brown Spots
Class C\Class C_342.png,2,1,Brown Spots
Class C\Class C_343.png,2,1,Brown Spots
Class C\Class C_344.png,2,1,Brown Spots
Class C\Class C_345.png,2,1,Brown Spots
Class C\Class C_346.png,2,1,Brown Spots
Class C\Class C_347.png,2,1,Brown Spots
Class C\Class C_348.png,2,1,Brown Spots
Class C\Class C_349.png,2,1,Brown Spots
Class C\Class C_35.png,2,1,Brown Spots
Class C\Class C_350.png,2,1,Brown Spots
Class C\Class C_351.png,2,1,Brown Spots
Class C\Class C_352.png,2,1,Brown Spots
Class C\Class C_353.png,2,1,Brown Spots
Class C\Class C_354.png,2,1,Brown Spots
Class C\Class C_355.png,2,1,Brown Spots
Class C\Class C_356.png,2,1,Brown Spots
Class C\Class C_357.png,2,1,Brown Spots
Class C\Class C_358.png,2,1,Brown Spots
Class C\Class C_359.png,2,1,Brown Spots
Class C\Class C_36.png,2,1,Brown Spots
Class C\Class C_360.png,2,1,Brown Spots
Class C\Class C_361.png,2,1,Brown Spots
Class C\Class C_362.png,2,1,Brown Spots
Class C\Class C_363.png,2,1,Brown Spots
Class C\Class C_364.png,2,1,Brown Spots
Class C\Class C_365.png,2,1,Brown Spots
Class C\Class C_366.png,2,1,Brown Spots
Class C\Class C_367.png,2,1,Brown Spots
Class C\Class C_368.png,2,1,Brown Spots
Class C\Class C_369.png,2,1,Brown Spots
Class C\Class C_37.png,2,1,Brown Spots
Class C\Class C_370.png,2,1,Brown Spots
Class C\Class C_371.png,2,1,Brown Spots
Class C\Class C_372.png,2,1,Brown Spots
Class C\Class C_373.png,2,1,Brown Spots
Class C\Class C_374.png,2,1,Brown Spots
Class C\Class C_375.png,2,1,Brown Spots
Class C\Class C_376.png,2,1,Brown Spots
Class C\Class C_377.png,2,1,Brown Spots
Class C\Class C_378.png,2,1,Brown Spots
Class C\Class C_379.png,2,1,Brown Spots
Class C\Class C_38.png,2,1,Brown Spots
Class C\Class C_380.png,2,1,Brown Spots
Class C\Class C_381.png,2,1,Brown Spots
Class C\Class C_382.png,2,1,Brown Spots
Class C\Class C_383.png,2,1,Brown Spots
Class C\Class C_384.png,2,1,Brown Spots
Class C\Class C_385.png,2,1,Brown Spots
Class C\Class C_386.png,2,1,Brown Spots
Class C\Class C_387.png,2,1,Brown Spots
Class C\Class C_388.png,2,1,Brown Spots
Class C\Class C_389.png,2,1,Brown Spots
Class C\Class C_39.png,2,1,Brown Spots
Class C\Class C_390.png,2,1,Brown Spots
Class C\Class C_391.png,2,1,Brown Spots
Class C\Class C_392.png,2,1,Brown Spots
Class C\Class C_393.png,2,1,Brown Spots
Class C\Class C_394.png,2,1,Brown Spots
Class C\Class C_395.png,2,1,Brown Spots
Class C\Class C_396.png,2,1,Brown Spots
Class C\Class C_397.png,2,1,Brown Spots
Class C\Class C_398.png,2,1,Brown Spots
Class C\Class C_399.png,2,1,Brown Spots
Class C\Class C_40.png,2,1,Brown Spots
Class C\Class C_400.png,2,1,Brown Spots
Class C\Class C_401.png,2,1,Brown Spots
Class C\Class C_402.png,2,1,Brown Spots
Class C\Class C_403.png,2,1,Brown Spots
Class C\Class C_404.png,2,1,Brown Spots
Class C\Class C_405.png,2,1,Brown Spots
Class C\Class C_406.png,2,1,Brown Spots
Class C\Class C_407.png,2,1,Brown Spots
Class C\Class C_408.png,2,1,Brown Spots
Class C\Class C_409.png,2,1,Brown Spots
Class C\Class C_41.png,2,1,Brown Spots
Class C\Class C_410.png,2,1,Brown Spots
Class C\Class C_411.png,2,1,Brown Spots
Class C\Class C_412.png,2,1,Brown Spots
Class C\Class C_413.png,2,1,Brown Spots
Class C\Class C_414.png,2,1,Brown Spots
Class C\Class C_415.png,2,1,Brown Spots
Class C\Class C_416.png,2,1,Brown Spots
Class C\Class C_417.png,2,1,Brown Spots
Class C\Class C_418.png,2,1,Brown Spots
Class C\Class C_419.png,2,1,Brown Spots
Class C\Class C_42.png,2,1,Brown Spots
Class C\Class C_420.png,2,1,Brown Spots
Class C\Class C_421.png,2,1,Brown Spots
Class C\Class C_422.png,2,1,Brown Spots
Class C\Class C_423.png,2,1,Brown Spots
Class C\Class C_424.png,2,1,Brown Spots
Class C\Class C_425.png,2,1,Brown Spots
Class C\Class C_426.png,2,1,Brown Spots
Class C\Class C_427.png,2,1,Brown Spots
Class C\Class C_428.png,2,1,Brown Spots
Class C\Class C_429.png,2,1,Brown Spots
Class C\Class C_43.png,2,1,Brown Spots
Class C\Class C_430.png,2,1,Brown Spots
Class C\Class C_431.png,2,1,Brown Spots
Class C\Class C_432.png,2,1,Brown Spots
Class C\Class C_433.png,2,1,Brown Spots
Class C\Class C_434.png,2,1,Brown Spots
Class C\Class C_435.png,2,1,Brown Spots
Class C\Class C_436.png,2,1,Brown Spots
Class C\Class C_437.png,2,1,Brown Spots
Class C\Class C_438.png,2,1,Brown Spots
Class C\Class C_439.png,2,1,Brown Spots
Class C\Class C_44.png,2,1,Brown Spots
Class C\Class C_440.png,2,1,Brown Spots
Class C\Class C_441.png,2,1,Brown Spots
Class C\Class C_442.png,2,1,Brown Spots
Class C\Class C_443.png,2,1,Brown Spots
Class C\Class C_444.png,2,1,Brown Spots
Class C\Class C_445.png,2,1,Brown Spots
Class C\Class C_45.png,2,1,Brown Spots
Class C\Class C_46.png,2,1,Brown Spots
Class C\Class C_47.png,2,1,Brown Spots
Class C\Class C_48.png,2,1,Brown Spots
Class C\Class C_49.png,2,1,Brown Spots
Class C\Class C_50.png,2,1,Brown Spots
Class C\Class C_51.png,2,1,Brown Spots
Class C\Class C_52.png,2,1,Brown Spots
Class C\Class C_53.png,2,1,Brown Spots
Class C\Class C_54.png,2,1,Brown Spots
Class C\Class C_55.png,2,1,Brown Spots
Class C\Class C_56.png,2,1,Brown Spots
Class C\Class C_57.png,2,1,Brown Spots
Class C\Class C_58.png,2,1,Brown Spots
Class C\Class C_59.png,2,1,Brown Spots
Class C\Class C_60.png,2,1,Brown Spots
Class C\Class C_61.png,2,1,Brown Spots
Class C\Class C_62.png,2,1,Brown Spots
Class C\Class C_63.png,2,1,Brown Spots
Class C\Class C_64.png,2,1,Brown Spots
Class C\Class C_65.png,2,1,Brown Spots
Class C\Class C_66.png,2,1,Brown Spots
Class C\Class C_67.png,2,1,Brown Spots
Class C\Class C_68.png,2,1,Brown Spots
Class C\Class C_69.png,2,1,Brown Spots
Class C\Class C_70.png,2,1,Brown Spots
Class C\Class C_71.png,2,1,Brown Spots
Class C\Class C_72.png,2,1,Brown Spots
Class C\Class C_73.png,2,1,Brown Spots
Class C\Class C_74.png,2,1,Brown Spots
Class C\Class C_75.png,2,1,Brown Spots
Class C\Class C_76.png,2,1,Brown Spots
Class C\Class C_77.png,2,1,Brown Spots
Class C\Class C_78.png,2,1,Brown Spots
Class C\Class C_79.png,2,1,Brown Spots
Class C\Class C_80.png,2,1,Brown Spots
Class C\Class C_81.png,2,1,Brown Spots
Class C\Class C_82.png,2,1,Brown Spots
Class C\Class C_83.png,2,1,Brown Spots
Class C\Class C_84.png,2,1,Brown Spots
Class C\Class C_85.png,2,1,Brown Spots
Class C\Class C_86.png,2,1,Brown Spots
Class C\Class C_87.png,2,1,Brown Spots
Class C\Class C_88.png,2,1,Brown Spots
Class C\Class C_89.png,2,1,Brown Spots
Class C\Class C_90.png,2,1,Brown Spots
Class C\Class C_91.png,2,1,Brown Spots
Class C\Class C_92.png,2,1,Brown Spots
Class C\Class C_93.png,2,1,Brown Spots
Class C\Class C_94.png,2,1,Brown Spots
Class C\Class C_95.png,2,1,Brown Spots
Class C\Class C_96.png,2,1,Brown Spots
Class C\Class C_97.png,2,1,Brown Spots
Class C\Class C_98.png,2,1,Brown Spots
Class C\Class C_99.png,2,1,Brown Spots
Class D\Class D_01.png,3,0,Black/Mushy
Class D\Class D_02.png,3,0,Black/Mushy
Class D\Class D_03.png,3,0,Black/Mushy
Class D\Class D_04.png,3,0,Black/Mushy
Class D\Class D_05.png,3,0,Black/Mushy
Class D\Class D_06.png,3,0,Black/Mushy
Class D\Class D_07.png,3,0,Black/Mushy
Class D\Class D_08.png,3,0,Black/Mushy
Class D\Class D_09.png,3,0,Black/Mushy
Class D\Class D_10.png,3,0,Black/Mushy
Class D\Class D_100.png,3,0,Black/Mushy
Class D\Class D_101.png,3,0,Black/Mushy
Class D\Class D_102.png,3,0,Black/Mushy
Class D\Class D_103.png,3,0,Black/Mushy
Class D\Class D_104.png,3,0,Black/Mushy
Class D\Class D_105.png,3,0,Black/Mushy
Class D\Class D_106.png,3,0,Black/Mushy
Class D\Class D_107.png,3,0,Black/Mushy
Class D\Class D_108.png,3,0,Black/Mushy
Class D\Class D_109.png,3,0,Black/Mushy
Class D\Class D_11.png,3,0,Black/Mushy
Class D\Class D_110.png,3,0,Black/Mushy
Class D\Class D_111.png,3,0,Black/Mushy
Class D\Class D_112.png,3,0,Black/Mushy
Class D\Class D_113.png,3,0,Black/Mushy
Class D\Class D_114.png,3,0,Black/Mushy
Class D\Class D_115.png,3,0,Black/Mushy
Class D\Class D_116.png,3,0,Black/Mushy
Class D\Class D_117.png,3,0,Black/Mushy
Class D\Class D_118.png,3,0,Black/Mushy
Class D\Class D_119.png,3,0,Black/Mushy
Class D\Class D_12.png,3,0,Black/Mushy
Class D\Class D_120.png,3,0,Black/Mushy
Class D\Class D_121.png,3,0,Black/Mushy
Class D\Class D_122.png,3,0,Black/Mushy
Class D\Class D_123.png,3,0,Black/Mushy
Class D\Class D_124.png,3,0,Black/Mushy
Class D\Class D_125.png,3,0,Black/Mushy
Class D\Class D_126.png,3,0,Black/Mushy
Class D\Class D_127.png,3,0,Black/Mushy
Class D\Class D_128.png,3,0,Black/Mushy
Class D\Class D_129.png,3,0,Black/Mushy
Class D\Class D_13.png,3,0,Black/Mushy
Class D\Class D_130.png,3,0,Black/Mushy
Class D\Class D_131.png,3,0,Black/Mushy
Class D\Class D_132.png,3,0,Black/Mushy
Class D\Class D_133.png,3,0,Black/Mushy
Class D\Class D_134.png,3,0,Black/Mushy
Class D\Class D_135.png,3,0,Black/Mushy
Class D\Class D_136.png,3,0,Black/Mushy
Class D\Class D_137.png,3,0,Black/Mushy
Class D\Class D_138.png,3,0,Black/Mushy
Class D\Class D_139.png,3,0,Black/Mushy
Class D\Class D_14.png,3,0,Black/Mushy
Class D\Class D_140.png,3,0,Black/Mushy
Class D\Class D_141.png,3,0,Black/Mushy
Class D\Class D_142.png,3,0,Black/Mushy
Class D\Class D_143.png,3,0,Black/Mushy
Class D\Class D_144.png,3,0,Black/Mushy
Class D\Class D_145.png,3,0,Black/Mushy
Class D\Class D_146.png,3,0,Black/Mushy
Class D\Class D_147.png,3,0,Black/Mushy
Class D\Class D_148.png,3,0,Black/Mushy
Class D\Class D_149.png,3,0,Black/Mushy
Class D\Class D_15.png,3,0,Black/Mushy
Class D\Class D_150.png,3,0,Black/Mushy
Class D\Class D_151.png,3,0,Black/Mushy
Class D\Class D_152.png,3,0,Black/Mushy
Class D\Class D_153.png,3,0,Black/Mushy
Class D\Class D_154.png,3,0,Black/Mushy
Class D\Class D_155.png,3,0,Black/Mushy
Class D\Class D_156.png,3,0,Black/Mushy
Class D\Class D_157.png,3,0,Black/Mushy
Class D\Class D_158.png,3,0,Black/Mushy
Class D\Class D_159.png,3,0,Black/Mushy
Class D\Class D_16.png,3,0,Black/Mushy
Class D\Class D_160.png,3,0,Black/Mushy
Class D\Class D_161.png,3,0,Black/Mushy
Class D\Class D_162.png,3,0,Black/Mushy
Class D\Class D_163.png,3,0,Black/Mushy
Class D\Class D_164.png,3,0,Black/Mushy
Class D\Class D_165.png,3,0,Black/Mushy
Class D\Class D_166.png,3,0,Black/Mushy
Class D\Class D_167.png,3,0,Black/Mushy
Class D\Class D_168.png,3,0,Black/Mushy
Class D\Class D_169.png,3,0,Black/Mushy
Class D\Class D_17.png,3,0,Black/Mushy
Class D\Class D_170.png,3,0,Black/Mushy
Class D\Class D_171.png,3,0,Black/Mushy
Class D\Class D_172.png,3,0,Black/Mushy
Class D\Class D_173.png,3,0,Black/Mushy
Class D\Class D_174.png,3,0,Black/Mushy
Class D\Class D_175.png,3,0,Black/Mushy
Class D\Class D_176.png,3,0,Black/Mushy
Class D\Class D_177.png,3,0,Black/Mushy
Class D\Class D_178.png,3,0,Black/Mushy
Class D\Class D_179.png,3,0,Black/Mushy
Class D\Class D_18.png,3,0,Black/Mushy
Class D\Class D_180.png,3,0,Black/Mushy
Class D\Class D_181.png,3,0,Black/Mushy
Class D\Class D_182.png,3,0,Black/Mushy
Class D\Class D_183.png,3,0,Black/Mushy
Class D\Class D_184.png,3,0,Black/Mushy
Class D\Class D_185.png,3,0,Black/Mushy
Class D\Class D_186.png,3,0,Black/Mushy
Class D\Class D_187.png,3,0,Black/Mushy
Class D\Class D_188.png,3,0,Black/Mushy
Class D\Class D_189.png,3,0,Black/Mushy
Class D\Class D_19.png,3,0,Black/Mushy
Class D\Class D_190.png,3,0,Black/Mushy
Class D\Class D_191.png,3,0,Black/Mushy
Class D\Class D_192.png,3,0,Black/Mushy
Class D\Class D_193.png,3,0,Black/Mushy
Class D\Class D_194.png,3,0,Black/Mushy
Class D\Class D_195.png,3,0,Black/Mushy
Class D\Class D_196.png,3,0,Black/Mushy
Class D\Class D_197.png,3,0,Black/Mushy
Class D\Class D_198.png,3,0,Black/Mushy
Class D\Class D_199.png,3,0,Black/Mushy
Class D\Class D_20.png,3,0,Black/Mushy
Class D\Class D_200.png,3,0,Black/Mushy
Class D\Class D_201.png,3,0,Black/Mushy
Class D\Class D_202.png,3,0,Black/Mushy
Class D\Class D_203.png,3,0,Black/Mushy
Class D\Class D_204.png,3,0,Black/Mushy
Class D\Class D_205.png,3,0,Black/Mushy
Class D\Class D_206.png,3,0,Black/Mushy
Class D\Class D_207.png,3,0,Black/Mushy
Class D\Class D_208.png,3,0,Black/Mushy
Class D\Class D_209.png,3,0,Black/Mushy
Class D\Class D_21.png,3,0,Black/Mushy
Class D\Class D_210.png,3,0,Black/Mushy
Class D\Class D_211.png,3,0,Black/Mushy
Class D\Class D_212.png,3,0,Black/Mushy
Class D\Class D_213.png,3,0,Black/Mushy
Class D\Class D_214.png,3,0,Black/Mushy
Class D\Class D_215.png,3,0,Black/Mushy
Class D\Class D_216.png,3,0,Black/Mushy
Class D\Class D_217.png,3,0,Black/Mushy
Class D\Class D_218.png,3,0,Black/Mushy
Class D\Class D_219.png,3,0,Black/Mushy
Class D\Class D_22.png,3,0,Black/Mushy
Class D\Class D_220.png,3,0,Black/Mushy
Class D\Class D_221.png,3,0,Black/Mushy
Class D\Class D_222.png,3,0,Black/Mushy
Class D\Class D_223.png,3,0,Black/Mushy
Class D\Class D_224.png,3,0,Black/Mushy
Class D\Class D_225.png,3,0,Black/Mushy
Class D\Class D_226.png,3,0,Black/Mushy
Class D\Class D_227.png,3,0,Black/Mushy
Class D\Class D_228.png,3,0,Black/Mushy
Class D\Class D_229.png,3,0,Black/Mushy
Class D\Class D_23.png,3,0,Black/Mushy
Class D\Class D_230.png,3,0,Black/Mushy
Class D\Class D_231.png,3,0,Black/Mushy
Class D\Class D_232.png,3,0,Black/Mushy
Class D\Class D_233.png,3,0,Black/Mushy
Class D\Class D_234.png,3,0,Black/Mushy
Class D\Class D_235.png,3,0,Black/Mushy
Class D\Class D_236.png,3,0,Black/Mushy
Class D\Class D_237.png,3,0,Black/Mushy
Class D\Class D_238.png,3,0,Black/Mushy
Class D\Class D_239.png,3,0,Black/Mushy
Class D\Class D_24.png,3,0,Black/Mushy
Class D\Class D_240.png,3,0,Black/Mushy
Class D\Class D_241.png,3,0,Black/Mushy
Class D\Class D_242.png,3,0,Black/Mushy
Class D\Class D_243.png,3,0,Black/Mushy
Class D\Class D_244.png,3,0,Black/Mushy
Class D\Class D_245.png,3,0,Black/Mushy
Class D\Class D_246.png,3,0,Black/Mushy
Class D\Class D_247.png,3,0,Black/Mushy
Class D\Class D_248.png,3,0,Black/Mushy
Class D\Class D_249.png,3,0,Black/Mushy
Class D\Class D_25.png,3,0,Black/Mushy
Class D\Class D_250.png,3,0,Black/Mushy
Class D\Class D_251.png,3,0,Black/Mushy
Class D\Class D_252.png,3,0,Black/Mushy
Class D\Class D_253.png,3,0,Black/Mushy
Class D\Class D_254.png,3,0,Black/Mushy
Class D\Class D_255.png,3,0,Black/Mushy
Class D\Class D_256.png,3,0,Black/Mushy
Class D\Class D_257.png,3,0,Black/Mushy
Class D\Class D_258.png,3,0,Black/Mushy
Class D\Class D_259.png,3,0,Black/Mushy
Class D\Class D_26.png,3,0,Black/Mushy
Class D\Class D_260.png,3,0,Black/Mushy
Class D\Class D_261.png,3,0,Black/Mushy
Class D\Class D_262.png,3,0,Black/Mushy
Class D\Class D_263.png,3,0,Black/Mushy
Class D\Class D_264.png,3,0,Black/Mushy
Class D\Class D_265.png,3,0,Black/Mushy
Class D\Class D_266.png,3,0,Black/Mushy
Class D\Class D_267.png,3,0,Black/Mushy
Class D\Class D_268.png,3,0,Black/Mushy
Class D\Class D_269.png,3,0,Black/Mushy
Class D\Class D_27.png,3,0,Black/Mushy
Class D\Class D_270.png,3,0,Black/Mushy
Class D\Class D_271.png,3,0,Black/Mushy
Class D\Class D_272.png,3,0,Black/Mushy
Class D\Class D_273.png,3,0,Black/Mushy
Class D\Class D_274.png,3,0,Black/Mushy
Class D\Class D_275.png,3,0,Black/Mushy
Class D\Class D_276.png,3,0,Black/Mushy
Class D\Class D_277.png,3,0,Black/Mushy
Class D\Class D_278.png,3,0,Black/Mushy
Class D\Class D_279.png,3,0,Black/Mushy
Class D\Class D_28.png,3,0,Black/Mushy
Class D\Class D_280.png,3,0,Black/Mushy
Class D\Class D_281.png,3,0,Black/Mushy
Class D\Class D_282.png,3,0,Black/Mushy
Class D\Class D_283.png,3,0,Black/Mushy
Class D\Class D_284.png,3,0,Black/Mushy
Class D\Class D_285.png,3,0,Black/Mushy
Class D\Class D_286.png,3,0,Black/Mushy
Class D\Class D_287.png,3,0,Black/Mushy
Class D\Class D_288.png,3,0,Black/Mushy
Class D\Class D_289.png,3,0,Black/Mushy
Class D\Class D_29.png,3,0,Black/Mushy
Class D\Class D_290.png,3,0,Black/Mushy
Class D\Class D_291.png,3,0,Black/Mushy
Class D\Class D_292.png,3,0,Black/Mushy
Class D\Class D_293.png,3,0,Black/Mushy
Class D\Class D_294.png,3,0,Black/Mushy
Class D\Class D_295.png,3,0,Black/Mushy
Class D\Class D_296.png,3,0,Black/Mushy
Class D\Class D_297.png,3,0,Black/Mushy
Class D\Class D_298.png,3,0,Black/Mushy
Class D\Class D_299.png,3,0,Black/Mushy
Class D\Class D_30.png,3,0,Black/Mushy
Class D\Class D_300.png,3,0,Black/Mushy
Class D\Class D_301.png,3,0,Black/Mushy
Class D\Class D_302.png,3,0,Black/Mushy
Class D\Class D_303.png,3,0,Black/Mushy
Class D\Class D_304.png,3,0,Black/Mushy
Class D\Class D_305.png,3,0,Black/Mushy
Class D\Class D_306.png,3,0,Black/Mushy
Class D\Class D_307.png,3,0,Black/Mushy
Class D\Class D_308.png,3,0,Black/Mushy
Class D\Class D_309.png,3,0,Black/Mushy
Class D\Class D_31.png,3,0,Black/Mushy
Class D\Class D_310.png,3,0,Black/Mushy
Class D\Class D_311.png,3,0,Black/Mushy
Class D\Class D_312.png,3,0,Black/Mushy
Class D\Class D_313.png,3,0,Black/Mushy
Class D\Class D_314.png,3,0,Black/Mushy
Class D\Class D_315.png,3,0,Black/Mushy
Class D\Class D_316.png,3,0,Black/Mushy
Class D\Class D_317.png,3,0,Black/Mushy
Class D\Class D_318.png,3,0,Black/Mushy
Class D\Class D_319.png,3,0,Black/Mushy
Class D\Class D_32.png,3,0,Black/Mushy
Class D\Class D_320.png,3,0,Black/Mushy
Class D\Class D_321.png,3,0,Black/Mushy
Class D\Class D_322.png,3,0,Black/Mushy
Class D\Class D_323.png,3,0,Black/Mushy
Class D\Class D_324.png,3,0,Black/Mushy
Class D\Class D_325.png,3,0,Black/Mushy
Class D\Class D_326.png,3,0,Black/Mushy
Class D\Class D_327.png,3,0,Black/Mushy
Class D\Class D_328.png,3,0,Black/Mushy
Class D\Class D_329.png,3,0,Black/Mushy
Class D\Class D_33.png,3,0,Black/Mushy
Class D\Class D_330.png,3,0,Black/Mushy
Class D\Class D_331.png,3,0,Black/Mushy
Class D\Class D_332.png,3,0,Black/Mushy
Class D\Class D_333.png,3,0,Black/Mushy
Class D\Class D_334.png,3,0,Black/Mushy
Class D\Class D_335.png,3,0,Black/Mushy
Class D\Class D_336.png,3,0,Black/Mushy
Class D\Class D_337.png,3,0,Black/Mushy
Class D\Class D_338.png,3,0,Black/Mushy
Class D\Class D_339.png,3,0,Black/Mushy
Class D\Class D_34.png,3,0,Black/Mushy
Class D\Class D_340.png,3,0,Black/Mushy
Class D\Class D_341.png,3,0,Black/Mushy
Class D\Class D_342.png,3,0,Black/Mushy
Class D\Class D_343.png,3,0,Black/Mushy
Class D\Class D_344.png,3,0,Black/Mushy
Class D\Class D_345.png,3,0,Black/Mushy
Class D\Class D_346.png,3,0,Black/Mushy
Class D\Class D_347.png,3,0,Black/Mushy
Class D\Class D_348.png,3,0,Black/Mushy
Class D\Class D_349.png,3,0,Black/Mushy
Class D\Class D_35.png,3,0,Black/Mushy
Class D\Class D_350.png,3,0,Black/Mushy
Class D\Class D_351.png,3,0,Black/Mushy
Class D\Class D_352.png,3,0,Black/Mushy
Class D\Class D_353.png,3,0,Black/Mushy
Class D\Class D_354.png,3,0,Black/Mushy
Class D\Class D_355.png,3,0,Black/Mushy
Class D\Class D_356.png,3,0,Black/Mushy
Class D\Class D_357.png,3,0,Black/Mushy
Class D\Class D_358.png,3,0,Black/Mushy
Class D\Class D_359.png,3,0,Black/Mushy
Class D\Class D_36.png,3,0,Black/Mushy
Class D\Class D_360.png,3,0,Black/Mushy
Class D\Class D_361.png,3,0,Black/Mushy
Class D\Class D_362.png,3,0,Black/Mushy
Class D\Class D_363.png,3,0,Black/Mushy
Class D\Class D_364.png,3,0,Black/Mushy
Class D\Class D_365.png,3,0,Black/Mushy
Class D\Class D_366.png,3,0,Black/Mushy
Class D\Class D_367.png,3,0,Black/Mushy
Class D\Class D_368.png,3,0,Black/Mushy
Class D\Class D_369.png,3,0,Black/Mushy
Class D\Class D_37.png,3,0,Black/Mushy
Class D\Class D_370.png,3,0,Black/Mushy
Class D\Class D_371.png,3,0,Black/Mushy
Class D\Class D_372.png,3,0,Black/Mushy
Class D\Class D_373.png,3,0,Black/Mushy
Class D\Class D_374.png,3,0,Black/Mushy
Class D\Class D_375.png,3,0,Black/Mushy
Class D\Class D_376.png,3,0,Black/Mushy
Class D\Class D_377.png,3,0,Black/Mushy
Class D\Class D_378.png,3,0,Black/Mushy
Class D\Class D_379.png,3,0,Black/Mushy
Class D\Class D_38.png,3,0,Black/Mushy
Class D\Class D_380.png,3,0,Black/Mushy
Class D\Class D_381.png,3,0,Black/Mushy
Class D\Class D_382.png,3,0,Black/Mushy
Class D\Class D_383.png,3,0,Black/Mushy
Class D\Class D_384.png,3,0,Black/Mushy
Class D\Class D_385.png,3,0,Black/Mushy
Class D\Class D_386.png,3,0,Black/Mushy
Class D\Class D_387.png,3,0,Black/Mushy
Class D\Class D_388.png,3,0,Black/Mushy
Class D\Class D_389.png,3,0,Black/Mushy
Class D\Class D_39.png,3,0,Black/Mushy
Class D\Class D_390.png,3,0,Black/Mushy
Class D\Class D_391.png,3,0,Black/Mushy
Class D\Class D_392.png,3,0,Black/Mushy
Class D\Class D_393.png,3,0,Black/Mushy
Class D\Class D_394.png,3,0,Black/Mushy
Class D\Class D_395.png,3,0,Black/Mushy
Class D\Class D_396.png,3,0,Black/Mushy
Class D\Class D_397.png,3,0,Black/Mushy
Class D\Class D_398.png,3,0,Black/Mushy
Class D\Class D_399.png,3,0,Black/Mushy
Class D\Class D_40.png,3,0,Black/Mushy
Class D\Class D_400.png,3,0,Black/Mushy
Class D\Class D_401.png,3,0,Black/Mushy
Class D\Class D_402.png,3,0,Black/Mushy
Class D\Class D_403.png,3,0,Black/Mushy
Class D\Class D_404.png,3,0,Black/Mushy
Class D\Class D_405.png,3,0,Black/Mushy
Class D\Class D_406.png,3,0,Black/Mushy
Class D\Class D_407.png,3,0,Black/Mushy
Class D\Class D_408.png,3,0,Black/Mushy
Class D\Class D_409.png,3,0,Black/Mushy
Class D\Class D_41.png,3,0,Black/Mushy
Class D\Class D_410.png,3,0,Black/Mushy
Class D\Class D_411.png,3,0,Black/Mushy
Class D\Class D_412.png,3,0,Black/Mushy
Class D\Class D_413.png,3,0,Black/Mushy
Class D\Class D_414.png,3,0,Black/Mushy
Class D\Class D_415.png,3,0,Black/Mushy
Class D\Class D_42.png,3,0,Black/Mushy
Class D\Class D_43.png,3,0,Black/Mushy
Class D\Class D_44.png,3,0,Black/Mushy
Class D\Class D_45.png,3,0,Black/Mushy
Class D\Class D_46.png,3,0,Black/Mushy
Class D\Class D_47.png,3,0,Black/Mushy
Class D\Class D_48.png,3,0,Black/Mushy
Class D\Class D_49.png,3,0,Black/Mushy
Class D\Class D_50.png,3,0,Black/Mushy
Class D\Class D_51.png,3,0,Black/Mushy
Class D\Class D_52.png,3,0,Black/Mushy
Class D\Class D_53.png,3,0,Black/Mushy
Class D\Class D_54.png,3,0,Black/Mushy
Class D\Class D_55.png,3,0,Black/Mushy
Class D\Class D_56.png,3,0,Black/Mushy
Class D\Class D_57.png,3,0,Black/Mushy
Class D\Class D_58.png,3,0,Black/Mushy
Class D\Class D_59.png,3,0,Black/Mushy
Class D\Class D_60.png,3,0,Black/Mushy
Class D\Class D_61.png,3,0,Black/Mushy
Class D\Class D_62.png,3,0,Black/Mushy
Class D\Class D_63.png,3,0,Black/Mushy
Class D\Class D_64.png,3,0,Black/Mushy
Class D\Class D_65.png,3,0,Black/Mushy
Class D\Class D_66.png,3,0,Black/Mushy
Class D\Class D_67.png,3,0,Black/Mushy
Class D\Class D_68.png,3,0,Black/Mushy
Class D\Class D_69.png,3,0,Black/Mushy
Class D\Class D_70.png,3,0,Black/Mushy
Class D\Class D_71.png,3,0,Black/Mushy
Class D\Class D_72.png,3,0,Black/Mushy
Class D\Class D_73.png,3,0,Black/Mushy
Class D\Class D_74.png,3,0,Black/Mushy
Class D\Class D_75.png,3,0,Black/Mushy
Class D\Class D_76.png,3,0,Black/Mushy
Class D\Class D_77.png,3,0,Black/Mushy
Class D\Class D_78.png,3,0,Black/Mushy
Class D\Class D_79.png,3,0,Black/Mushy
Class D\Class D_80.png,3,0,Black/Mushy
Class D\Class D_81.png,3,0,Black/Mushy
Class D\Class D_82.png,3,0,Black/Mushy
Class D\Class D_83.png,3,0,Black/Mushy
Class D\Class D_84.png,3,0,Black/Mushy
Class D\Class D_85.png,3,0,Black/Mushy
Class D\Class D_86.png,3,0,Black/Mushy
Class D\Class D_87.png,3,0,Black/Mushy
Class D\Class D_88.png,3,0,Black/Mushy
Class D\Class D_89.png,3,0,Black/Mushy
Class D\Class D_90.png,3,0,Black/Mushy
Class D\Class D_91.png,3,0,Black/Mushy
Class D\Class D_92.png,3,0,Black/Mushy
Class D\Class D_93.png,3,0,Black/Mushy
Class D\Class D_94.png,3,0,Black/Mushy
Class D\Class D_95.png,3,0,Black/Mushy
Class D\Class D_96.png,3,0,Black/Mushy
Class D\Class D_97.png,3,0,Black/Mushy
Class D\Class D_98.png,3,0,Black/Mushy
Class D\Class D_99.png,3,0,Black/Mushy
